SCC,SCV,DVV,ICP,CCDT,CVCT,ACCV C,ACCV D,ECD,ECV,CCD,CCV,SoH
-0.039662,0.021440,0.598592,1.848988,19.998823,12.250017,3.457296,2.731424,177.333207,8.898689,1.066472,0.044518,0.969561
-0.036638,0.018210,0.264632,3.009461,19.998715,11.499965,3.449750,2.748847,178.222071,7.009005,1.070883,0.034958,0.973403
-0.037889,0.017764,0.273429,5.410662,19.998715,11.333497,3.451444,2.735190,178.424693,6.696323,1.072307,0.033321,0.974672
-0.036958,0.017605,0.245078,7.985063,19.967568,11.250018,3.447907,2.742714,178.476921,6.536591,1.072976,0.032643,0.975367
-0.039589,0.016777,0.229331,3.403525,19.986782,11.166860,3.445949,2.747775,178.763609,6.402835,1.073802,0.031887,0.976162
-0.037258,0.016734,0.092209,11.449401,19.910157,11.166635,3.446566,2.754640,178.660050,6.411384,1.073798,0.031950,0.976179
-0.035952,0.017091,0.211171,100.050327,19.885813,11.166778,3.448178,2.752661,178.626149,6.433622,1.074014,0.032065,0.976318
-0.035433,0.017342,0.302489,75.935323,19.790338,11.083395,3.448565,2.731569,178.731493,6.199673,1.074308,0.030948,0.976608
-0.035397,0.016943,0.036535,2.397015,19.794913,11.083333,3.449292,2.741858,178.690093,6.252249,1.074417,0.031054,0.976698
-0.037103,0.016847,0.357410,39.961518,19.802067,11.083332,3.448907,2.737194,178.735900,6.234950,1.074522,0.031106,0.976772
-0.037601,0.017527,0.276998,14.187941,19.749507,11.083445,3.449640,2.745679,178.791615,6.313382,1.074817,0.031344,0.977031
-0.038289,0.017487,0.056629,5.357734,19.777342,11.083365,3.448863,2.750207,178.751593,6.331763,1.074984,0.031457,0.977139
-0.036746,0.017196,0.284630,27.371581,19.794783,11.000032,3.450075,2.745080,178.968332,6.096245,1.075328,0.030404,0.977420
-0.035714,0.016994,0.250702,3.757245,19.754228,11.000158,3.449233,2.753416,178.954026,6.123982,1.075529,0.030523,0.977651
-0.036478,0.016519,0.278781,35.024146,19.779000,11.000167,3.447183,2.752459,178.917473,6.153053,1.075621,0.030671,0.977772
-0.036771,0.017565,0.352258,2.566375,19.775432,11.000117,3.448101,2.755987,179.084715,6.213087,1.075985,0.031048,0.978071
-0.039334,0.017444,-0.005452,6.504945,19.729652,11.000195,3.451088,2.751350,178.984183,6.226829,1.075990,0.030966,0.978066
-0.035670,0.016695,0.244220,19.093508,19.685348,11.000062,3.447608,2.751820,178.905210,6.251221,1.076046,0.031066,0.978176
-0.040452,0.017146,0.126963,11.023572,19.727512,11.000080,3.447099,2.745162,179.039985,6.271585,1.076195,0.031177,0.978295
-0.037041,0.017050,0.171575,3.252285,19.688930,10.916708,3.449779,2.754590,178.917774,5.956682,1.076161,0.029734,0.978239
-0.035758,0.017250,0.348215,3.007726,19.727327,10.916763,3.448524,2.762961,178.815724,5.968599,1.076138,0.029755,0.978209
-0.037270,0.017105,0.080588,12.890786,19.778780,10.916693,3.446253,2.756657,178.994249,6.014775,1.076476,0.029981,0.978519
-0.034340,0.016280,0.121293,123.463710,19.786327,10.916898,3.444350,2.752313,178.789389,5.972058,1.076269,0.029881,0.978388
-0.038225,0.016721,0.029737,4.129803,19.756417,10.916842,3.448531,2.756425,178.704745,5.956455,1.076135,0.029747,0.978264
-0.037630,0.016259,0.148546,34.100893,19.720167,10.916777,3.444375,2.752530,178.843933,6.018802,1.076424,0.029883,0.978455
-0.036360,0.016799,0.124510,8.018113,19.729142,10.916815,3.446059,2.754733,178.748629,5.963694,1.076350,0.029840,0.978407
-0.035356,0.016301,0.154700,4.537106,19.772182,10.916763,3.444466,2.737165,178.794824,6.024677,1.076478,0.029930,0.978508
-0.038246,0.016058,0.294829,2.820877,19.744703,10.916722,3.447153,2.760564,178.830695,6.083344,1.076710,0.030135,0.978743
-0.039204,0.016562,0.292400,2.654025,19.827545,10.916685,3.447244,2.736601,178.718035,6.021376,1.076531,0.029979,0.978541
-0.038494,0.016860,0.237440,8.475305,19.817900,10.916850,3.448322,2.733145,178.650664,5.988223,1.076373,0.029878,0.978451
-0.035545,0.016588,0.097587,8.396046,19.819142,10.916738,3.446753,2.751628,178.655764,6.032814,1.076556,0.029982,0.978534
-0.038677,0.017345,0.177478,16.382032,19.812165,10.916703,3.451959,2.734471,178.562502,5.994783,1.076487,0.029957,0.978507
-0.033371,0.017249,0.200163,14.156401,19.846222,10.916883,3.448548,2.723162,178.565182,6.013060,1.076477,0.030012,0.978482
-0.039524,0.016901,0.228290,67.275000,19.863450,10.916705,3.449618,2.753448,178.527259,6.033283,1.076626,0.030118,0.978664
-0.037136,0.017026,0.222966,526.782759,19.897463,10.916790,3.446685,2.741929,178.425846,6.033387,1.076597,0.030123,0.978564
-0.037454,0.016832,0.293210,1.983862,19.899133,10.916758,3.448508,2.751925,178.594508,6.029315,1.076602,0.030084,0.978603
-0.038450,0.016960,0.264075,3.462328,19.968678,10.916682,3.449568,2.727729,178.538105,6.098336,1.076844,0.030285,0.978826
-0.037257,0.016054,0.096244,69.729224,19.966500,10.916790,3.446152,2.739717,178.503614,6.087634,1.076847,0.030264,0.978845
-0.035872,0.016313,0.268044,12.939002,19.990917,10.833468,3.446171,2.739110,178.752064,5.828337,1.077043,0.029030,0.979040
-0.034847,0.016866,0.056083,3.286667,19.993598,10.833470,3.447241,2.732431,178.589076,5.813393,1.076949,0.028964,0.978939
-0.035766,0.016101,0.316969,2.954797,19.961693,10.833470,3.448383,2.748642,178.554180,5.829174,1.077014,0.029078,0.979025
-0.036513,0.016806,0.331680,22.023707,19.998755,10.833417,3.449203,2.746811,178.610804,5.857760,1.077182,0.029247,0.979210
-0.037646,0.016670,0.185532,2.777619,19.998687,10.916723,3.448289,2.743082,178.420264,6.125476,1.077013,0.030390,0.978980
-0.040400,0.016903,0.137867,5.076332,19.998507,10.916697,3.449966,2.745659,178.337643,6.118394,1.076912,0.030342,0.978891
-0.035865,0.016130,0.078210,12.803230,19.998778,10.833523,3.446094,2.741825,178.464687,5.828019,1.077162,0.029160,0.979124
-0.037930,0.017096,0.216638,2.171262,19.998818,10.916713,3.450392,2.734674,178.290079,6.102451,1.076859,0.030333,0.978916
-0.035455,0.016994,0.257862,5.072378,19.998633,10.833245,3.449351,2.744400,178.262104,5.766588,1.076750,0.028813,0.978781
-0.035493,0.016582,0.308380,99.730719,19.998648,10.833445,3.448192,2.741891,178.250298,5.800727,1.076984,0.028974,0.978941
-0.036622,0.017083,0.278017,21.108276,19.998648,10.916780,3.451714,2.741570,178.114941,6.076590,1.076829,0.030217,0.978767
-0.036327,0.016681,0.100803,10.332612,19.998753,10.916658,3.447975,2.740890,178.129829,6.083062,1.076797,0.030228,0.978788
-0.035701,0.016871,-0.028536,3.716521,19.998687,10.833523,3.449506,2.724445,178.258838,5.850507,1.077099,0.029139,0.979091
-0.038808,0.017122,0.177134,4.160663,19.998857,10.916818,3.451526,2.729972,178.134523,6.130153,1.077073,0.030487,0.979036
-0.037147,0.016934,0.279135,5.530298,19.998688,10.916777,3.450226,2.747701,178.154417,6.102383,1.076912,0.030421,0.978941
-0.038079,0.016482,0.082202,2.224320,19.998793,10.916655,3.447743,2.736657,178.073230,6.130002,1.076904,0.030380,0.978914
-0.037054,0.017093,0.360770,2.853470,19.998667,10.916653,3.450914,2.730896,177.989221,6.096853,1.076827,0.030298,0.978843
-0.038292,0.016303,0.256149,19.348232,19.998667,10.916730,3.446785,2.755895,178.087925,6.115612,1.076943,0.030346,0.978905
-0.036279,0.016766,0.280565,5.814696,19.988780,10.916882,3.449004,2.750408,177.858778,6.071987,1.076812,0.030239,0.978818
-0.036547,0.016788,-0.088178,3.703286,19.998800,10.916750,3.448104,2.728900,177.697459,6.037725,1.076574,0.030046,0.978592
-0.036702,0.016702,0.266392,3.134528,19.998593,10.833348,3.449880,2.738520,177.941836,5.797091,1.076872,0.028885,0.978869
-0.037101,0.017070,0.266858,10.745602,19.998805,10.916672,3.449964,2.726827,177.803546,6.070064,1.076849,0.030237,0.978803
-0.037409,0.016113,0.220870,5.013675,19.998615,10.916743,3.446868,2.731724,177.856399,6.095898,1.076917,0.030350,0.978901
-0.037194,0.017015,0.227189,2.798547,19.998532,10.833403,3.449773,2.729273,178.017863,5.845015,1.077248,0.029287,0.979186
-0.038308,0.017090,0.259716,6.147489,19.998673,10.916673,3.451543,2.733740,177.835421,6.170935,1.077035,0.030486,0.979005
-0.037168,0.016893,0.265864,7.470161,19.998663,10.916638,3.450130,2.731469,177.704978,6.093704,1.076899,0.030333,0.978866
-0.037550,0.016471,0.187466,2.435844,19.998657,10.833417,3.449308,2.752182,177.891937,5.863698,1.077214,0.029191,0.979173
-0.039064,0.016931,0.351324,2.801134,19.998740,10.916732,3.449894,2.722540,177.782239,6.122279,1.076954,0.030403,0.978956
-0.038681,0.016600,0.031031,6.947664,19.914015,10.833575,3.449245,2.736107,176.733403,5.825674,1.077035,0.029097,0.979018
-0.036198,0.016460,0.380215,6.094019,19.998603,10.833398,3.449046,2.738764,177.823006,5.861259,1.077197,0.029211,0.979162
-0.038888,0.017544,0.302849,15.525764,19.998773,10.916723,3.451731,2.733702,177.705619,6.146697,1.077058,0.030469,0.978997
-0.041576,0.017460,0.186252,7.480549,19.998595,10.916795,3.453665,2.731488,177.664809,6.112036,1.076852,0.030321,0.978897
-0.035282,0.016867,0.152380,2.735755,19.998703,10.833455,3.449516,2.715543,177.666965,5.823742,1.076995,0.029050,0.979005
-0.039267,0.016285,0.328238,8.345003,19.998645,10.916823,3.447519,2.733129,177.539390,6.110427,1.076823,0.030319,0.978855
-0.037054,0.016206,0.211410,3.518041,19.998472,10.916685,3.447832,2.736282,177.586757,6.079444,1.076756,0.030230,0.978799
-0.039427,0.016739,0.216234,2.589921,19.998662,10.916755,3.449882,2.729078,177.543250,6.112963,1.076892,0.030310,0.978860
-0.037755,0.016494,0.306108,4.813980,19.994940,10.916753,3.449675,2.730092,177.562611,6.115258,1.076971,0.030425,0.978952
-0.039164,0.016880,0.195088,3.230232,19.957032,10.916770,3.449678,2.747319,177.699795,6.122908,1.077098,0.030579,0.979099
-0.038980,0.017151,0.224849,3.009594,19.998830,10.916885,3.452316,2.722853,177.525539,6.130960,1.076990,0.030441,0.979029
-0.040460,0.016792,0.261182,26.778497,19.998820,10.916643,3.451743,2.730557,177.334574,6.081490,1.076817,0.030313,0.978856
-0.037316,0.016919,0.279060,2.251086,19.984868,10.916817,3.451670,2.732383,177.425134,6.090135,1.076828,0.030272,0.978845
-0.036979,0.016912,0.310197,4.427177,19.998593,10.916698,3.448926,2.716359,177.289442,6.037071,1.076648,0.030136,0.978726
-0.036698,0.017083,0.331983,2.982204,19.998758,10.916782,3.455854,2.728495,177.225879,6.034830,1.076551,0.030061,0.978623
-0.039429,0.017373,0.171886,3.857548,19.998647,10.916688,3.453370,2.724924,177.295809,6.087375,1.076743,0.030217,0.978783
-0.040743,0.017498,0.359209,4.475989,19.998715,10.916623,3.453459,2.724189,177.128172,6.015307,1.076515,0.029989,0.978534
-0.039061,0.017406,0.269188,2.749360,19.998712,10.916695,3.454580,2.721089,177.073048,6.002423,1.076405,0.029887,0.978438
-0.037191,0.016971,0.204085,3.198272,19.998400,10.833313,3.450685,2.728252,177.323787,5.812761,1.076883,0.028941,0.978882
-0.038476,0.016492,0.327079,2.660520,19.989455,10.916683,3.447578,2.738080,177.289458,6.094737,1.076752,0.030206,0.978791
-0.039529,0.017045,0.111108,2.921267,19.998790,10.916775,3.453229,2.731378,177.159856,6.083049,1.076907,0.030358,0.978891
-0.038257,0.017284,0.240737,2.306533,19.998750,10.916670,3.450555,2.723446,177.223318,6.102396,1.076881,0.030357,0.978914
-0.036457,0.017316,0.003266,9.940586,19.998610,10.916707,3.453375,2.723970,177.068083,6.068274,1.076704,0.030188,0.978729
-0.039435,0.016548,-0.119039,2.592440,19.998607,10.916708,3.448303,2.717993,177.141725,6.005223,1.076373,0.029902,0.978502
-0.038001,0.016972,0.196518,2.685345,19.998713,10.916818,3.449570,2.728638,177.129966,6.040840,1.076643,0.030102,0.978674
-0.040131,0.017177,0.244326,7.893027,19.998770,10.916848,3.452053,2.729851,177.168733,6.029803,1.076460,0.029914,0.978516
-0.040495,0.017083,0.232785,268.450877,19.998688,10.916750,3.454962,2.737411,177.134387,6.064598,1.076694,0.030154,0.978713
-0.040163,0.017266,0.217215,15.852075,19.998763,10.916802,3.453356,2.734416,176.970748,6.020821,1.076594,0.030049,0.978619
-0.038525,0.016820,0.267975,14.385647,19.998748,10.916715,3.449742,2.743912,176.907315,6.039684,1.076550,0.030048,0.978586
-0.036689,0.017399,0.276813,19.865544,19.951605,10.916738,3.453317,2.735086,177.004171,6.019545,1.076573,0.030113,0.978622
-0.038436,0.017486,0.198133,2.853104,19.998677,10.916613,3.453918,2.726477,176.774132,6.001736,1.076371,0.029860,0.978373
-0.038784,0.017116,0.155414,12.201041,19.995622,11.000092,3.451662,2.726596,176.757433,6.301442,1.076432,0.031365,0.978444
-0.037077,0.017856,0.254241,4.503976,19.998747,10.916760,3.454620,2.738001,176.888008,6.047299,1.076579,0.030102,0.978636
-0.035862,0.017648,0.368560,3.466568,19.998802,10.916682,3.456851,2.730222,176.726150,5.993662,1.076354,0.029906,0.978402
-0.039746,0.017302,0.311318,44.315407,19.998688,10.916615,3.452807,2.726294,176.800643,5.955239,1.076146,0.029718,0.978279
-0.038868,0.017347,0.315491,2.234716,19.998650,10.916768,3.453941,2.708124,176.783402,6.008285,1.076404,0.029885,0.978456
-0.038842,0.017548,0.294247,12.705408,19.998847,10.916745,3.455538,2.701058,176.597166,5.967804,1.076106,0.029745,0.978218
-0.037851,0.017912,0.277881,17.438883,19.998620,11.000173,3.456478,2.729585,176.515895,6.249873,1.076098,0.031072,0.978158
-0.037091,0.017485,0.269089,2.537321,19.998690,10.916807,3.453240,2.730659,176.502555,5.946998,1.076099,0.029699,0.978200
-0.039142,0.017102,0.239896,2.890273,19.976113,11.000098,3.455801,2.707585,176.399721,6.217420,1.075915,0.030883,0.977991
-0.038701,0.017936,0.083621,6.614861,19.998773,11.000147,3.455492,2.731221,176.429725,6.197291,1.075791,0.030858,0.977957
-0.042334,0.017481,0.360573,2.788929,19.998595,11.000098,3.454712,2.721836,176.446203,6.236879,1.076025,0.031018,0.978132
-0.039033,0.017898,0.256143,30.197036,19.977845,11.000042,3.455492,2.698028,176.403406,6.229909,1.076079,0.031028,0.978109
-0.040962,0.018555,0.359132,4.010459,19.998638,11.000162,3.458225,2.733837,176.511020,6.235073,1.075889,0.030923,0.978013
-0.038182,0.017915,0.258779,7.932762,19.998600,10.916672,3.455815,2.703008,176.447091,5.943331,1.076003,0.029624,0.978122
-0.037396,0.017755,0.276498,8.340087,19.998712,10.916822,3.455554,2.720813,176.465976,5.932416,1.075986,0.029565,0.978090
-0.039825,0.017552,0.256535,45.783234,19.998702,11.000097,3.455451,2.716323,176.607495,6.278810,1.076296,0.031277,0.978348
-0.040235,0.017825,0.155274,2.667092,19.998795,10.999942,3.455936,2.693601,176.341171,6.250671,1.076087,0.031070,0.978197
-0.037026,0.017389,0.303842,2.683127,19.998743,11.000123,3.454803,2.715596,176.137764,6.215632,1.075902,0.030949,0.978030
-0.038027,0.017650,0.362570,1.652245,19.998632,10.916792,3.457459,2.721449,176.358557,5.909671,1.075886,0.029489,0.978043
-0.038408,0.017570,0.443864,5.465963,19.998608,11.000045,3.455850,2.713802,176.178670,6.181530,1.075714,0.030745,0.977874
-0.038686,0.017811,0.040652,24.666694,19.998610,11.000223,3.455665,2.719736,176.109811,6.169319,1.075594,0.030616,0.977735
-0.041025,0.018057,0.305634,2.099135,19.996870,11.000177,3.456644,2.702888,176.199953,6.207924,1.075862,0.030862,0.977969
-0.038210,0.018113,0.318127,17.229651,19.998632,11.000080,3.458697,2.713772,175.972068,6.131881,1.075523,0.030593,0.977676
-0.036375,0.018083,0.339036,41.285753,19.992152,10.999998,3.456077,2.711350,175.908681,6.115295,1.075447,0.030497,0.977575
-0.038271,0.017510,0.302503,2.594427,19.998523,11.000002,3.452693,2.724556,176.018414,6.162865,1.075662,0.030664,0.977777
-0.040097,0.018326,0.019981,3.033366,19.891920,11.000118,3.459414,2.732387,175.996517,6.117559,1.075447,0.030527,0.977622
-0.040012,0.018045,-0.048176,2.501040,19.998725,11.000095,3.457325,2.721362,175.873260,6.112532,1.075435,0.030505,0.977548
-0.039028,0.017929,0.229952,2.456880,19.987110,11.000105,3.451942,2.710876,175.939552,6.126828,1.075531,0.030569,0.977664
-0.037485,0.018034,0.435468,3.193079,19.998517,11.083455,3.455473,2.718312,175.627279,6.363890,1.075055,0.031593,0.977268
-0.041405,0.018195,0.289045,317.929167,19.990553,11.083455,3.458232,2.713164,175.783886,6.321424,1.074908,0.031411,0.977112
-0.038711,0.018351,0.200234,4.761673,19.998598,11.083488,3.457163,2.724029,175.717855,6.342275,1.075071,0.031580,0.977264
-0.039091,0.018526,0.341489,9.628814,19.998783,11.083415,3.460760,2.729788,175.726755,6.335269,1.075034,0.031529,0.977213
-0.037190,0.017942,0.300471,19.087516,19.998565,11.083373,3.456248,2.711093,175.783264,6.371642,1.075122,0.031623,0.977304
-0.041308,0.018473,0.341750,123.655645,19.973567,11.083475,3.460418,2.709475,175.590237,6.344316,1.075010,0.031564,0.977232
-0.038762,0.018474,0.119203,2.076635,19.992100,11.083323,3.457834,2.722825,175.443550,6.291477,1.074941,0.031506,0.977123
-0.039932,0.018531,0.360399,4.023314,19.998742,11.083308,3.461526,2.716310,175.876896,6.354905,1.075133,0.031704,0.977350
-0.042064,0.018354,0.351604,1.946936,19.998583,11.083467,3.459615,2.719338,175.609388,6.351354,1.075087,0.031600,0.977262
-0.041396,0.018592,0.270823,3.849584,19.998607,11.083348,3.456308,2.726205,175.412008,6.305735,1.074933,0.031491,0.977136
-0.040279,0.018669,0.194400,22.270117,19.998725,11.000173,3.458717,2.703272,175.630035,6.068516,1.075048,0.030220,0.977297
-0.038940,0.018128,0.497415,2.484710,19.998705,11.083357,3.458214,2.725451,175.430827,6.304713,1.074821,0.031369,0.977035
-0.038643,0.018258,0.418716,4.153960,19.998793,11.083417,3.458621,2.719889,175.348236,6.263304,1.074599,0.031186,0.976860
-0.043669,0.018383,0.257353,1.862611,19.998822,11.083320,3.456805,2.709218,175.495781,6.315397,1.074870,0.031413,0.977086
-0.038329,0.018737,0.373671,12.808054,19.995453,11.083482,3.459028,2.711618,175.355722,6.276634,1.074622,0.031194,0.976873
-0.042510,0.018515,0.421065,2.274324,19.899520,11.083482,3.459282,2.716609,175.340307,6.253961,1.074594,0.031185,0.976849
-0.038198,0.018341,0.437303,3.471753,19.924647,11.083387,3.454233,2.725935,175.297274,6.259484,1.074595,0.031213,0.976894
-0.042324,0.018909,0.317523,4.279136,19.978565,11.166753,3.459361,2.720246,175.160976,6.507259,1.074317,0.032384,0.976589
-0.042454,0.018663,0.320424,73.324880,19.960937,11.166822,3.458790,2.724847,175.187725,6.497223,1.074290,0.032337,0.976556
-0.038800,0.019060,0.414708,2.177194,19.974612,11.083358,3.463550,2.723408,175.173562,6.206583,1.074401,0.030988,0.976641
-0.040513,0.019174,0.293755,4.987301,19.949930,11.166752,3.460248,2.711155,174.996875,6.459539,1.074118,0.032186,0.976373
-0.039463,0.019493,0.299975,3.232112,19.947525,11.166552,3.462895,2.720341,175.074010,6.427929,1.073943,0.032064,0.976247
-0.040533,0.019113,0.351870,35.824009,19.966207,11.166680,3.461270,2.697744,175.020409,6.442779,1.074092,0.032152,0.976373
-0.040144,0.018890,0.071253,14.294522,19.998737,11.166753,3.459783,2.721450,174.925774,6.430538,1.074013,0.032106,0.976314
-0.039340,0.019086,0.362969,14.846214,19.976267,11.166763,3.458848,2.704032,175.030941,6.417960,1.073910,0.032046,0.976225
-0.040272,0.019418,0.243981,1.542408,19.950518,11.166683,3.464134,2.730942,174.835177,6.388133,1.073729,0.031869,0.976068
-0.042785,0.019279,0.293060,3.776879,19.961027,11.250090,3.463728,2.701561,174.717541,6.679976,1.073757,0.033312,0.976025
-0.043186,0.019814,0.355460,1.757608,19.971858,11.250238,3.461856,2.695102,174.837645,6.669902,1.073735,0.033352,0.976053
-0.041883,0.019382,0.503576,4.922039,19.993715,11.250207,3.462100,2.697588,174.673496,6.661004,1.073620,0.033172,0.975956
-0.041782,0.019731,0.221294,3.266535,19.971690,11.250055,3.463540,2.708037,174.520573,6.642071,1.073510,0.033131,0.975846
-0.044775,0.019493,0.329366,1.697045,19.998600,11.249868,3.462334,2.706752,174.737503,6.666427,1.073701,0.033225,0.975995
-0.042836,0.019515,0.406582,20.011664,19.956677,11.250055,3.461521,2.706428,174.648088,6.657540,1.073614,0.033170,0.975933
-0.044733,0.019140,0.295365,1.504249,19.998797,11.250180,3.462004,2.731317,174.595870,6.638868,1.073479,0.033085,0.975819
-0.041604,0.019015,0.437339,5.183814,19.998708,11.166815,3.462853,2.723582,174.696147,6.395040,1.073668,0.031789,0.976017
-0.039735,0.019446,0.292948,1.986796,19.998795,11.249998,3.463670,2.705685,174.561430,6.618029,1.073409,0.032997,0.975766
-0.042149,0.019271,0.313192,2.294960,19.978142,11.250028,3.462092,2.720024,174.550334,6.598214,1.073259,0.032868,0.975607
-0.042018,0.019194,0.376331,4.682727,19.990090,11.249842,3.464995,2.712862,174.552141,6.623336,1.073336,0.032942,0.975728
-0.040084,0.019953,0.293862,2.657237,19.972795,11.250127,3.464150,2.711028,174.417987,6.570688,1.073161,0.032789,0.975519
-0.042317,0.019683,0.452327,2.215765,19.968602,11.333455,3.464599,2.725003,174.394424,6.848419,1.073026,0.034147,0.975393
-0.041460,0.019976,0.280145,57.265169,19.931958,11.250098,3.463524,2.714933,174.396573,6.551948,1.073032,0.032657,0.975410
-0.042673,0.019865,0.511056,2.081247,19.987403,11.333340,3.461886,2.719194,174.233603,6.835889,1.072920,0.034023,0.975284
-0.042595,0.020048,0.489085,1.660551,19.901970,11.333242,3.466309,2.715875,174.408402,6.800499,1.072816,0.033905,0.975191
-0.044205,0.020182,0.201870,4.953663,19.940933,11.333373,3.468103,2.699977,174.247669,6.802987,1.072763,0.033912,0.975204
-0.042209,0.019791,0.456704,12.930541,19.953487,11.333322,3.465622,2.700030,174.103437,6.755489,1.072627,0.033758,0.975040
-0.041169,0.020156,0.429860,1.956839,19.995847,11.333375,3.466891,2.704369,174.341845,6.785549,1.072703,0.033834,0.975097
-0.040841,0.019961,0.410504,2.438118,19.998617,11.333350,3.464717,2.710582,174.148212,6.750554,1.072551,0.033693,0.974981
-0.041449,0.019923,0.476380,2.098702,19.998663,11.333387,3.464600,2.710698,174.097422,6.735416,1.072473,0.033599,0.974897
-0.043773,0.019847,0.335625,1.777959,19.978087,11.333280,3.466749,2.708993,174.253486,6.786877,1.072703,0.033842,0.975136
-0.039921,0.020118,0.094597,41.098387,19.998617,11.333305,3.466120,2.706270,173.974994,6.709017,1.072249,0.033483,0.974730
-0.043812,0.020651,0.219327,1.999123,19.998528,11.333530,3.467192,2.708739,173.861976,6.666404,1.072064,0.033278,0.974556
-0.043019,0.019921,0.511933,1.601767,19.995898,11.333392,3.463872,2.715353,173.911703,6.666695,1.072187,0.033337,0.974621
-0.042717,0.020176,0.328552,23.905321,19.985930,11.333310,3.467462,2.711091,173.832563,6.652499,1.071958,0.033182,0.974444
-0.041622,0.020284,0.480601,2.935138,19.956793,11.416803,3.466505,2.699355,173.855782,6.932131,1.071960,0.034615,0.974449
-0.041637,0.020285,0.531931,5.001573,19.998697,11.416605,3.465856,2.702973,173.787307,6.944648,1.071945,0.034595,0.974419
-0.042908,0.020439,0.432196,11.463670,19.896915,11.416563,3.471315,2.701893,173.633963,6.883253,1.071761,0.034432,0.974239
-0.044059,0.020667,0.550994,1.574115,19.947728,11.416730,3.466383,2.704129,173.699932,6.877664,1.071633,0.034376,0.974158
-0.040297,0.020036,0.392248,2.088746,19.982663,11.416565,3.465117,2.684433,173.765568,6.909304,1.071766,0.034425,0.974267
-0.043443,0.020153,0.532121,11.539925,19.988055,11.416875,3.467465,2.698591,173.625615,6.874505,1.071587,0.034290,0.974110
-0.045813,0.019818,0.349759,76.326500,19.998728,11.416597,3.461865,2.701967,173.776461,6.836771,1.071470,0.034114,0.973967
-0.043739,0.020840,0.460582,1.359722,19.996740,11.416655,3.469978,2.701356,173.581279,6.844552,1.071448,0.034190,0.973987
-0.042102,0.020819,0.576624,1.690928,19.998650,11.499930,3.467900,2.690948,173.420719,7.098188,1.071221,0.035417,0.973775
-0.042346,0.021060,0.473722,1.634472,19.998635,11.416755,3.470081,2.694945,173.709119,6.807023,1.071163,0.033884,0.973708
-0.046496,0.020464,0.408623,7.088961,19.998700,11.500028,3.467807,2.682713,173.507105,7.072639,1.071100,0.035281,0.973657
-0.044622,0.020408,0.604370,2.047536,19.998498,11.500030,3.466728,2.690806,173.480170,7.058720,1.071042,0.035222,0.973593
-0.045979,0.020499,0.502746,1.768761,19.998672,11.500017,3.467037,2.690276,173.550933,7.091377,1.071121,0.035299,0.973673
-0.043053,0.020552,0.493493,1.804313,19.998597,11.500130,3.468882,2.698507,173.282657,6.982330,1.070747,0.035002,0.973376
-0.041263,0.020664,0.487974,1.109623,19.998830,11.500005,3.464891,2.698869,173.160606,6.980421,1.070479,0.034781,0.973160
-0.044615,0.020943,0.498667,2.067975,19.998653,11.500045,3.472390,2.692265,173.274698,6.987134,1.070619,0.034829,0.973247
-0.043717,0.020764,0.602849,1.203448,19.998542,11.500155,3.467559,2.695877,173.191180,6.922752,1.070415,0.034622,0.972981
-0.045008,0.020850,0.472726,1.146411,19.998663,11.500028,3.470418,2.689797,173.269849,6.953043,1.070414,0.034662,0.973044
-0.045576,0.020948,0.574183,1.431241,19.998580,11.500175,3.466512,2.690831,173.233423,6.956617,1.070495,0.034731,0.973108
-0.046786,0.021461,0.525958,2.777358,19.998627,11.583367,3.470096,2.699690,173.115839,7.224968,1.070322,0.036074,0.972982
-0.043539,0.020778,0.544621,16.054025,19.998557,11.583455,3.464320,2.688644,172.937344,7.138737,1.069875,0.035668,0.972582
-0.042892,0.020784,0.429836,1.589494,19.998677,11.583420,3.465922,2.698305,172.933711,7.142656,1.069950,0.035694,0.972620
-0.044347,0.021124,0.547387,2.497485,19.998610,11.583533,3.468525,2.697543,172.856243,7.101977,1.069736,0.035535,0.972436
-0.043998,0.021304,0.423330,80.104188,19.998690,11.583383,3.467461,2.697228,172.962218,7.085686,1.069565,0.035358,0.972287
-0.044857,0.021538,0.618949,3.069160,19.998780,11.666658,3.471264,2.698503,172.743427,7.371972,1.069519,0.036800,0.972272
-0.044292,0.021534,0.682533,1.975723,19.998795,11.666607,3.469984,2.688721,172.688148,7.315995,1.069305,0.036541,0.972023
-0.044317,0.020873,0.577167,1.635651,19.994458,11.666593,3.466070,2.686248,172.965298,7.333953,1.069301,0.036523,0.972006
-0.045673,0.021113,0.489169,14.979510,19.998663,11.666603,3.469640,2.704646,172.813263,7.345257,1.069322,0.036572,0.972046
-0.043696,0.021392,0.672492,1.805190,19.998725,11.666792,3.471077,2.698209,172.815515,7.307396,1.069239,0.036531,0.971999
-0.045711,0.021323,0.547628,1.330848,19.998527,11.666900,3.468590,2.696488,172.905131,7.357505,1.069393,0.036661,0.972141
-0.046608,0.021652,0.554665,1.608553,19.998698,11.666670,3.471472,2.706570,172.665523,7.293919,1.069055,0.036381,0.971845
-0.045750,0.021685,0.577717,1.927303,19.998758,11.666605,3.472230,2.705858,172.615651,7.250332,1.068869,0.036233,0.971684
-0.047494,0.021460,0.604228,1.984693,19.998492,11.666622,3.471303,2.705019,172.737215,7.305386,1.069037,0.036324,0.971855
-0.044894,0.021538,0.507572,2.620989,19.998637,11.666763,3.470365,2.700069,172.604982,7.227359,1.068777,0.036095,0.971561
-0.045387,0.021357,0.630806,6.683836,19.998583,11.749988,3.470332,2.689677,172.470309,7.508112,1.068763,0.037541,0.971542
-0.044555,0.021555,0.539063,2.411671,19.998675,11.750082,3.472758,2.691363,172.570528,7.501822,1.068659,0.037498,0.971509
-0.046840,0.022000,0.606702,1.467631,19.998568,11.749945,3.472852,2.682443,172.337244,7.424807,1.068337,0.037223,0.971215
-0.043117,0.022126,0.545453,0.988996,19.998382,11.749987,3.474542,2.685758,172.255391,7.360367,1.067967,0.036822,0.970841
-0.047277,0.022091,0.651164,1.659122,19.998727,11.749962,3.475388,2.696880,172.224984,7.371297,1.068020,0.036908,0.970928
-0.047042,0.021832,0.579441,1.290947,19.998765,11.833323,3.471731,2.685434,172.084626,7.617409,1.067688,0.038039,0.970627
-0.045761,0.022484,0.579595,1.169351,19.998718,11.833320,3.475144,2.698701,172.197329,7.594973,1.067581,0.037886,0.970451
-0.048094,0.022435,0.550383,1.447238,19.998712,11.833217,3.475557,2.691501,172.123727,7.586417,1.067596,0.037906,0.970469
-0.042624,0.022257,0.597355,1.102879,19.998748,11.833297,3.473825,2.671191,172.043948,7.547417,1.067421,0.037802,0.970367
-0.043805,0.022015,0.663281,1.342763,19.998657,11.833272,3.473616,2.709543,172.332539,7.557461,1.067375,0.037734,0.970322
-0.046130,0.022275,0.448706,2.722504,19.998727,11.833313,3.474877,2.700860,171.992068,7.520287,1.067144,0.037586,0.970141
-0.044669,0.022600,0.438847,200.726316,19.998670,11.916625,3.475819,2.676593,171.873711,7.790534,1.066983,0.038850,0.969952
-0.043531,0.022301,0.519453,1.371999,19.998562,11.833378,3.474532,2.678688,171.989194,7.474071,1.066987,0.037361,0.969967
-0.044547,0.022354,0.369293,1.492275,19.998830,11.916657,3.472671,2.683438,171.796449,7.708201,1.066680,0.038570,0.969710
-0.047332,0.022283,0.687526,1.410348,19.998553,11.916870,3.471005,2.684783,171.777642,7.687696,1.066529,0.038429,0.969576
-0.048598,0.022581,0.505288,3.522309,19.998622,11.916693,3.474471,2.691749,171.858729,7.728857,1.066729,0.038605,0.969743
-0.047328,0.022988,0.578005,1.502312,19.998645,11.916740,3.478288,2.689120,171.742415,7.661389,1.066427,0.038296,0.969422
-0.048569,0.022551,0.676243,1.603215,19.998543,12.000058,3.472237,2.686422,171.612253,7.958975,1.066444,0.039818,0.969436
-0.046356,0.022767,0.647753,1.284076,19.998680,11.916577,3.475255,2.700392,171.788734,7.662837,1.066345,0.038287,0.969430
-0.047268,0.022782,0.513890,9.784847,19.998752,12.000050,3.476296,2.686975,171.619709,7.900068,1.066020,0.039457,0.969111
-0.047525,0.022980,0.666815,2.360988,19.998595,12.000118,3.477934,2.701432,171.644818,7.883210,1.065999,0.039414,0.969070
-0.044991,0.022882,0.569028,4.566955,19.998603,11.999912,3.477704,2.681524,171.609544,7.879485,1.065899,0.039332,0.969023
-0.044902,0.023422,0.729909,3.215182,19.998632,11.999888,3.476849,2.678355,171.400887,7.827156,1.065683,0.039179,0.968809
-0.046897,0.023201,0.680786,1.394465,19.998815,12.000115,3.475699,2.683502,171.503991,7.739235,1.065270,0.038776,0.968445
-0.049073,0.023401,0.727633,0.994513,19.998710,12.000060,3.479075,2.705736,171.443754,7.762363,1.065268,0.038815,0.968504
-0.046059,0.023123,0.640038,3.723625,19.998712,12.000113,3.478150,2.685997,171.382316,7.688660,1.065024,0.038584,0.968260
-0.044013,0.022877,0.776916,1.080688,19.998618,12.000062,3.477796,2.687507,171.495437,7.706467,1.065043,0.038519,0.968208
-0.047445,0.023466,0.589208,6.937177,19.998605,12.083513,3.477843,2.683073,171.253769,7.957014,1.064705,0.039764,0.968008
-0.048259,0.023680,0.708745,2.832920,19.998573,12.166712,3.476276,2.677149,171.016192,8.210633,1.064504,0.041089,0.967747
-0.049475,0.023372,0.601378,4.754263,19.998548,12.166658,3.475844,2.685501,171.174750,8.174854,1.064403,0.040946,0.967705
-0.047297,0.023590,0.707799,1.148718,19.998742,12.166768,3.477549,2.668349,170.979746,8.151657,1.064206,0.040732,0.967494
-0.048371,0.023389,0.478082,2.508796,19.998627,12.166845,3.476768,2.683850,171.022024,8.125545,1.064078,0.040583,0.967355
-0.047409,0.023617,0.608872,1.829459,19.998578,12.083272,3.480188,2.694323,171.144719,7.865554,1.064272,0.039278,0.967561
-0.050041,0.023628,0.688328,1.021548,19.998600,12.166695,3.483193,2.699802,170.960068,8.096378,1.063885,0.040443,0.967253
-0.045335,0.024153,0.650190,2.432159,19.998612,12.250015,3.480766,2.696740,170.660593,8.342966,1.063575,0.041683,0.966977
-0.044484,0.023588,0.755071,1.276212,19.998677,12.166623,3.477946,2.694520,170.781191,7.997747,1.063394,0.039984,0.966786
-0.045478,0.024894,0.601253,1.072206,19.998608,12.583282,3.480058,2.673596,170.538267,8.739757,1.059743,0.043755,0.963300
-0.043949,0.023709,0.715807,0.975744,19.998635,12.250128,3.475860,2.704686,171.128763,7.904915,1.061558,0.039617,0.965095
-0.044392,0.023334,0.824813,1.446622,19.998927,12.250035,3.476292,2.686249,170.917008,8.004985,1.062003,0.040077,0.965509
-0.046862,0.023792,0.676298,1.499774,19.998693,12.249888,3.479177,2.698782,170.825748,7.995721,1.061973,0.040030,0.965496
-0.045357,0.023070,0.621933,0.874300,19.998788,12.166695,3.474289,2.675240,170.998568,7.767526,1.062275,0.038807,0.965731
-0.044498,0.023724,0.727457,1.763399,19.998658,12.249963,3.478224,2.696251,170.714748,8.002349,1.062053,0.040083,0.965518
-0.045661,0.023958,0.682016,1.146272,19.998728,12.250093,3.480267,2.688566,170.613831,7.965770,1.061759,0.039871,0.965312
-0.045775,0.023764,0.673932,2.878558,19.998660,12.166670,3.479194,2.693547,170.769016,7.704498,1.062027,0.038605,0.965532
-0.044370,0.023900,0.708548,1.468870,19.998585,12.249963,3.478247,2.670964,170.570715,7.950253,1.061623,0.039724,0.965141
-0.045090,0.023863,0.507609,5.764617,19.998727,12.250162,3.478832,2.684664,170.544883,7.907026,1.061521,0.039626,0.965058
-0.044604,0.023752,0.584880,1.138403,19.998732,12.250195,3.477666,2.661330,170.655440,7.919754,1.061644,0.039717,0.965172
-0.044191,0.024107,0.785112,1.385820,19.998542,12.333370,3.477993,2.679972,170.494533,8.195723,1.061421,0.041034,0.965002
-0.048629,0.023980,0.872384,1.155232,19.998567,12.333407,3.479652,2.687514,170.437124,8.165290,1.061167,0.040809,0.964773
-0.046100,0.023903,0.792933,1.377676,19.998625,12.333403,3.476013,2.686726,170.456012,8.146689,1.061169,0.040803,0.964807
-0.047377,0.024515,0.712763,1.600021,19.998582,12.333473,3.480465,2.687426,170.286935,8.109650,1.060933,0.040596,0.964551
-0.048026,0.024420,0.856909,0.935790,19.998727,12.416780,3.476451,2.678833,170.308361,8.347692,1.060652,0.041776,0.964260
-0.044710,0.024316,0.529213,2.362434,19.998667,12.416855,3.475781,2.679843,170.159774,8.318964,1.060485,0.041694,0.964224
-0.045743,0.024917,0.813199,2.008624,19.998650,12.416725,3.481516,2.687143,170.026573,8.264559,1.060247,0.041443,0.963972
-0.048088,0.024471,0.804135,1.376209,19.998553,12.416707,3.478474,2.681191,170.261484,8.243250,1.060158,0.041327,0.963842
-0.047204,0.024682,0.916904,1.085088,19.998625,12.416790,3.482402,2.675175,169.986465,8.194362,1.059925,0.041150,0.963699
-0.048750,0.024968,0.828469,1.125507,19.998782,12.500077,3.482680,2.661221,169.934895,8.494594,1.059883,0.042551,0.963617
-0.045789,0.024788,0.774513,1.157290,19.998665,12.416580,3.480257,2.679939,170.171814,8.213229,1.059922,0.041118,0.963669
-0.047143,0.024862,0.906282,0.908482,19.998775,12.500097,3.483195,2.682967,169.994170,8.454594,1.059635,0.042312,0.963377
-0.049615,0.025006,0.916536,1.526790,19.998653,12.500138,3.482491,2.663801,169.868979,8.408821,1.059446,0.042182,0.963252
-0.046204,0.024671,0.746680,0.818412,19.998705,12.416795,3.481468,2.684125,169.979646,8.148305,1.059521,0.040792,0.963354
-0.046495,0.024699,0.702932,0.997663,19.915212,12.500165,3.478815,2.673101,169.592845,8.375583,1.059105,0.041865,0.962952
-0.045750,0.025074,0.882781,1.251619,19.998670,12.500138,3.479183,2.675435,169.659378,8.331480,1.058963,0.041729,0.962796
-0.046421,0.025033,0.736638,2.842246,19.998708,12.500127,3.480025,2.667554,169.737891,8.282000,1.058896,0.041637,0.962750
-0.048965,0.025650,0.969700,0.870562,19.998750,12.583315,3.483186,2.674320,169.543466,8.536475,1.058511,0.042782,0.962420
-0.046849,0.025488,0.858098,1.382828,19.998783,12.583355,3.481805,2.683265,169.478304,8.484898,1.058113,0.042418,0.962079
-0.047969,0.024985,0.815833,1.056542,19.998702,12.583523,3.480764,2.667839,169.479853,8.466723,1.058036,0.042359,0.962047
-0.047373,0.025577,0.711185,1.657450,19.998650,12.583357,3.482221,2.666649,169.414714,8.399855,1.057758,0.042105,0.961757
-0.048199,0.025695,0.910708,1.067557,19.998810,12.666845,3.479703,2.678404,169.407120,8.662352,1.057628,0.043354,0.961539
-0.047077,0.025500,0.878878,1.222917,19.998690,12.666718,3.480428,2.686148,169.246285,8.611597,1.057382,0.043200,0.961415
-0.046537,0.025705,0.945015,0.741245,19.998860,12.666678,3.482749,2.670075,169.137654,8.571460,1.057068,0.042932,0.961144
-0.045741,0.025545,0.972391,1.165438,19.998713,12.666823,3.479798,2.677715,169.409687,8.552093,1.056956,0.042754,0.960989
-0.048074,0.025754,0.830794,0.875054,19.998608,12.666700,3.482593,2.685862,169.140105,8.507722,1.056685,0.042632,0.960850
-0.047360,0.026060,0.659723,0.911665,19.998778,12.750112,3.484087,2.665092,168.990547,8.719336,1.056254,0.043700,0.960467
-0.047617,0.026104,0.894099,0.808181,19.998652,12.750070,3.486724,2.684720,169.118938,8.698459,1.056303,0.043547,0.960336
-0.047595,0.026213,0.888723,1.249036,19.998782,12.750203,3.487611,2.683351,168.883958,8.653019,1.055891,0.043329,0.960111
-0.046266,0.026173,1.037855,1.194233,19.998607,12.833365,3.483838,2.664486,168.748395,8.873882,1.055674,0.044521,0.959820
-0.046307,0.026121,0.687319,0.940100,19.998688,12.750048,3.486186,2.678147,168.859492,8.583923,1.055624,0.043040,0.959858
-0.046477,0.026268,0.910451,1.264226,19.998578,12.833312,3.482998,2.678890,168.702772,8.814741,1.055223,0.044092,0.959452
-0.046984,0.026396,1.043041,0.997785,19.998577,12.833408,3.484410,2.666804,168.584110,8.746596,1.054950,0.043849,0.959214
-0.046947,0.026462,1.014881,0.908834,19.998743,12.833383,3.480826,2.657932,168.691747,8.714932,1.054889,0.043740,0.959117
-0.046143,0.026763,1.029383,1.026796,19.998778,12.833410,3.484109,2.653074,168.627945,8.668969,1.054579,0.043520,0.958880
-0.048496,0.026783,0.887512,1.250143,19.998748,12.916650,3.486647,2.688755,168.603357,8.925836,1.054292,0.044707,0.958605
-0.048802,0.026906,0.948240,1.130201,19.998648,12.916655,3.485552,2.677550,168.505483,8.895924,1.054076,0.044529,0.958444
-0.045997,0.027311,0.891048,1.336339,19.998683,12.916737,3.487171,2.655900,168.356250,8.822826,1.053685,0.044193,0.958099
-0.047001,0.026737,0.864190,0.693003,19.998768,12.916830,3.482238,2.661615,168.491854,8.751041,1.053488,0.043875,0.957818
-0.045167,0.027423,1.021429,1.385701,19.998810,13.000053,3.482439,2.660615,168.324892,9.053669,1.053264,0.045307,0.957761
-0.047297,0.027689,1.009285,0.948933,19.998555,13.000100,3.487356,2.670846,168.166157,8.974238,1.052897,0.044961,0.957443
-0.048376,0.027244,0.985814,1.269560,19.998685,13.000047,3.489481,2.671704,168.353733,8.922206,1.052777,0.044715,0.957230
-0.046336,0.027763,1.034760,0.982032,19.998502,13.000057,3.487417,2.656473,168.119244,8.886533,1.052443,0.044537,0.957042
-0.047918,0.027627,0.928145,3.882566,19.998647,13.083445,3.486999,2.661861,168.015904,9.114979,1.052048,0.045647,0.956713
-0.047293,0.027734,0.942851,0.899034,19.998527,13.083547,3.486165,2.662694,167.961800,9.085607,1.052013,0.045462,0.956513
-0.049680,0.028233,0.879601,2.488408,19.998767,13.166857,3.490330,2.657399,167.706010,9.274870,1.051411,0.046532,0.956103
-0.048353,0.028368,0.831638,5.865924,19.998437,13.166795,3.487711,2.660488,167.570105,9.194645,1.051069,0.046174,0.955755
-0.046986,0.027797,0.976324,0.900490,19.998645,13.083405,3.487094,2.671061,167.846930,8.925496,1.051112,0.044688,0.955782
-0.044836,0.028355,1.031870,0.715576,19.998575,13.166805,3.482678,2.657823,167.678853,9.130020,1.050678,0.045765,0.955403
-0.047059,0.028438,1.130322,0.905573,19.998597,13.166617,3.487890,2.674733,167.539430,9.073369,1.050364,0.045482,0.955123
-0.044647,0.028437,1.135196,0.918476,19.998610,13.250085,3.488781,2.667007,167.571921,9.328431,1.050000,0.046679,0.954858
-0.050439,0.028819,1.156433,0.727228,19.998647,12.812393,3.487464,2.648929,167.367404,9.181373,1.049379,0.045979,0.954177
-0.048279,0.029226,0.872825,0.851192,19.998708,13.333433,3.489953,2.658583,167.314091,9.454026,1.049236,0.047386,0.954091
-0.045665,0.028808,1.055459,1.767976,19.998698,13.333432,3.485179,2.668538,167.266762,9.429398,1.048950,0.047150,0.953902
-0.044794,0.029344,1.158210,0.961797,19.998608,13.333385,3.490404,2.669149,167.018796,9.317854,1.048408,0.046684,0.953447
-0.045797,0.029105,1.150647,1.011452,19.998670,13.333485,3.489716,2.636139,167.260415,9.251584,1.048281,0.046377,0.953174
-0.046380,0.029426,1.100544,0.908940,19.998565,13.329835,3.491196,2.640534,167.020837,9.204390,1.047930,0.046246,0.953003
-0.046639,0.029536,1.068307,0.934997,19.998657,13.416720,3.486497,2.644523,166.935494,9.439194,1.047598,0.047336,0.952681
-0.045058,0.029196,1.118044,0.954133,19.998662,13.333467,3.489987,2.672730,167.200798,9.105371,1.047475,0.045667,0.952486
-0.046197,0.029523,1.262103,0.738641,19.998873,13.416740,3.486538,2.662551,166.942742,9.350546,1.047026,0.046816,0.952167
-0.046408,0.030077,1.115829,1.524467,19.998770,13.500043,3.491396,2.654059,166.754957,9.545223,1.046523,0.047861,0.951744
-0.047394,0.029904,1.110841,0.918585,19.998712,13.500023,3.487176,2.644696,166.896136,9.511440,1.046483,0.047717,0.951621
-0.045983,0.030330,1.124448,3.932354,19.998747,13.583360,3.494901,2.667588,166.632250,9.708196,1.045943,0.048743,0.951175
-0.046026,0.030522,1.167722,1.540982,19.998860,13.583523,3.489593,2.642849,166.403209,9.608068,1.045366,0.048244,0.950711
-0.048443,0.030080,1.054585,0.835898,19.998690,12.884350,3.488471,2.663798,166.542626,9.197134,1.044928,0.046208,0.950240
-0.046068,0.030620,1.037840,0.938010,19.998650,13.583415,3.489623,2.658143,166.374140,9.472653,1.044597,0.047532,0.950030
-0.047459,0.030591,1.271769,0.787513,19.998547,13.478407,3.490377,2.663353,166.359554,9.383434,1.044169,0.047054,0.949582
-0.049130,0.031006,1.211120,0.946460,19.998572,13.330530,3.490237,2.659330,166.307069,9.603779,1.043792,0.048186,0.949269
-0.049402,0.031631,1.193812,1.366283,19.998672,13.750007,3.498108,2.657765,166.058221,9.853802,1.043414,0.049344,0.948951
-0.045158,0.031768,1.371061,1.054191,19.998538,13.750112,3.488043,2.644725,166.011324,9.746831,1.042927,0.048884,0.948494
-0.048557,0.031416,1.006590,0.832219,19.998597,13.750060,3.488884,2.655654,165.960857,9.675551,1.042603,0.048576,0.948248
-0.054353,0.031763,1.415951,0.649004,19.998563,12.607458,3.490950,2.672202,165.770026,9.755759,1.041623,0.049000,0.947225
-0.045289,0.031795,1.233327,1.058971,19.998697,13.749983,3.490110,2.655937,165.968345,9.526109,1.041885,0.047775,0.947473
-0.047442,0.032156,1.285262,0.701005,19.998592,13.530940,3.489378,2.656326,165.717201,9.728720,1.041219,0.048849,0.947074
-0.046949,0.032702,1.414935,0.989793,19.998587,13.916635,3.492790,2.651644,165.463748,9.931915,1.040833,0.049895,0.946640
-0.046444,0.032792,1.188243,0.906325,19.998795,13.859485,3.492352,2.656117,165.590063,9.831397,1.040301,0.049427,0.946201
-0.044663,0.032863,1.443315,0.782266,19.998580,13.907563,3.496797,2.661036,165.298284,10.045616,1.039676,0.050343,0.945685
-0.050593,0.033288,1.388917,0.736445,19.998690,13.128665,3.493574,2.633024,165.133653,9.842636,1.038898,0.049431,0.944792
-0.045897,0.033655,1.296993,0.736085,19.998688,13.999897,3.497925,2.654058,165.334301,9.897123,1.039030,0.049680,0.945046
-0.048483,0.033470,1.399238,0.867726,19.998685,13.426188,3.499217,2.637253,165.034060,10.000636,1.038063,0.050155,0.944120
-0.044938,0.033802,1.469871,0.692672,19.998528,14.083498,3.494613,2.646222,164.939284,9.965315,1.037840,0.050020,0.943970
-0.044882,0.033394,1.300867,0.695326,19.998697,14.083397,3.497181,2.647452,165.107679,9.933810,1.037768,0.049838,0.943828
-0.045970,0.033977,1.436981,0.852838,19.998578,14.082480,3.490692,2.656504,164.872536,10.135013,1.037142,0.050859,0.943361
-0.046551,0.034602,1.511594,0.743309,19.998602,14.166680,3.495653,2.654519,164.675441,10.031805,1.036764,0.050363,0.942891
-0.046883,0.034477,1.377129,0.602187,19.998630,13.799145,3.497286,2.644236,164.794629,9.954896,1.036078,0.049956,0.942503
-0.050771,0.035042,1.504828,0.567518,19.998653,13.740633,3.496022,2.630396,164.568841,10.405538,1.035483,0.052215,0.941834
-0.044312,0.035528,1.640777,0.552998,19.998550,14.215803,3.492713,2.641645,164.563841,10.341465,1.035200,0.051922,0.941554
-0.046792,0.035201,1.548066,0.664279,19.998580,14.039597,3.497931,2.630700,164.454562,10.246008,1.034505,0.051410,0.941096
-0.044982,0.035885,1.313240,0.685856,19.998652,14.416805,3.492167,2.634349,164.252033,10.430283,1.034092,0.052369,0.940572
-0.052395,0.036250,1.513441,0.692036,19.998643,13.246047,3.498294,2.647300,164.324578,10.516993,1.033184,0.052831,0.939610
-0.048274,0.035942,1.575126,0.651810,19.998913,13.449982,3.496755,2.652041,164.085542,10.163630,1.032585,0.051027,0.939325
-0.044327,0.036596,1.609447,0.603526,19.998612,14.499967,3.497562,2.651271,163.919461,10.408546,1.032363,0.052320,0.939113
-0.046223,0.036970,1.350218,0.740460,19.998435,14.583355,3.494001,2.642563,164.041360,10.615874,1.031909,0.053314,0.938650
-0.043581,0.037321,1.650412,0.588540,19.998612,14.583298,3.500591,2.654341,163.712719,10.480310,1.031135,0.052687,0.938068
-0.044359,0.037776,1.708152,0.688390,19.998627,14.666657,3.499139,2.655542,163.560250,10.652392,1.030573,0.053557,0.937480
-0.045745,0.037735,1.719021,0.581757,19.998697,14.232910,3.494029,2.659185,163.789211,10.558992,1.030149,0.053044,0.937009
-0.048967,0.038254,1.718757,0.734437,19.998737,13.840057,3.495202,2.651177,163.405913,10.685377,1.029087,0.053634,0.936171
-0.042709,0.038561,1.659148,0.551942,19.998512,14.811367,3.497989,2.647813,163.265893,10.932794,1.028863,0.054920,0.935947
-0.044548,0.038617,1.435409,0.764554,19.998713,14.432845,3.494528,2.660274,163.109157,10.501080,1.028013,0.052684,0.935299
-0.048153,0.039595,1.669524,0.557460,19.998767,14.097997,3.498134,2.642946,162.844851,10.857730,1.027007,0.054543,0.934215
-0.042547,0.040398,1.791094,0.761256,19.998647,15.000113,3.498997,2.614816,162.643892,11.104446,1.026805,0.055790,0.933964
-0.045426,0.040456,1.586533,0.515033,19.998512,14.323242,3.498826,2.642408,162.616865,10.972176,1.025712,0.055070,0.933299
-0.043354,0.041183,1.698533,0.552220,19.998700,15.083432,3.506634,2.651844,162.417181,11.147320,1.025338,0.056014,0.932776
-0.042668,0.041711,1.895880,0.472538,19.998625,15.018353,3.499451,2.649190,162.376886,10.997497,1.024581,0.055266,0.932073
-0.046369,0.041604,1.925670,0.592853,19.998623,14.718030,3.500170,2.619911,162.253437,11.160375,1.023698,0.056041,0.931430
-0.042659,0.042158,2.048970,0.507047,19.998758,15.166702,3.497037,2.637005,162.194140,11.064891,1.023291,0.055567,0.930975
-0.041815,0.042116,1.884343,0.475872,19.998500,15.090658,3.498250,2.640402,162.401514,10.951674,1.022808,0.054979,0.930437
-0.045128,0.042870,1.927019,0.555027,19.998683,14.845783,3.498046,2.643514,162.051622,11.106999,1.021888,0.055801,0.929801
-0.044505,0.043865,2.091698,0.511167,19.998702,15.182575,3.500718,2.628377,161.725399,11.266530,1.021299,0.056645,0.929178
-0.046004,0.043821,2.091656,0.502454,19.998647,14.497872,3.495648,2.631501,161.755739,11.041070,1.020271,0.055660,0.928277
-0.042982,0.044474,2.090795,0.577359,19.998783,14.816495,3.502266,2.648954,161.447807,11.239298,1.019438,0.056436,0.927601
-0.042413,0.045182,2.145388,0.453238,19.998757,15.465472,3.498401,2.640647,161.269533,11.409887,1.018831,0.057380,0.927072
-0.044208,0.045054,2.212821,0.450504,19.998847,15.015648,3.506650,2.627328,161.286119,11.283708,1.018041,0.056600,0.926363
-0.042361,0.046278,2.021370,0.495746,19.998527,15.498178,3.504678,2.619362,161.040815,11.406416,1.017074,0.057223,0.925535
-0.040793,0.047454,2.287281,0.461601,19.998747,15.595765,3.500203,2.628130,160.810568,11.512849,1.016376,0.057859,0.924719
-0.044094,0.047636,2.202580,0.463349,19.998523,14.804818,3.494338,2.638321,160.691148,11.309945,1.015161,0.056873,0.923822
-0.041669,0.048216,2.282739,0.424979,19.998552,15.679428,3.501306,2.621360,160.534039,11.465467,1.014380,0.057671,0.923162
-0.044235,0.049500,2.315753,0.376674,19.998690,15.221978,3.498399,2.642189,160.475476,11.546090,1.013519,0.058015,0.922096
-0.041908,0.049502,2.473657,0.409974,19.998557,15.484645,3.498662,2.631683,160.206050,11.429395,1.012526,0.057473,0.921587
-0.045171,0.050284,2.502895,0.426562,19.998703,15.315098,3.502489,2.627218,160.025245,11.489422,1.011494,0.057780,0.920491
-0.041297,0.051312,2.395697,0.448114,19.998583,15.916675,3.502492,2.610935,159.999857,11.669819,1.011060,0.058725,0.919961
-0.043511,0.051503,2.382354,0.478894,19.998567,15.390110,3.503037,2.630844,159.668621,11.483460,1.009721,0.057760,0.919073
-0.041556,0.052555,2.274041,0.445037,19.998407,15.448177,3.505199,2.621895,159.364698,11.545843,1.008373,0.057991,0.917903
-0.043674,0.053205,2.453231,0.448877,19.998455,15.457060,3.502067,2.616673,159.306422,11.609566,1.007548,0.058450,0.916934
-0.039959,0.054182,2.620066,0.000000,19.998762,15.676520,3.508557,2.598070,158.874179,11.410589,1.006206,0.057442,0.915994
-0.040223,0.055250,2.621044,0.413033,19.998483,15.917625,3.501932,2.637344,158.652131,11.492885,1.005073,0.057781,0.914905
-0.042304,0.056142,2.740251,0.349369,19.998727,15.383447,3.501537,2.628716,158.516766,11.529007,1.004125,0.057980,0.913735
-0.040832,0.057460,2.624953,0.358186,19.998727,15.537703,3.503739,2.614850,158.210128,11.620604,1.002879,0.058534,0.912852
-0.042341,0.058784,2.865208,0.352854,19.998692,15.683665,3.499638,2.604556,158.008448,11.744690,1.001770,0.059002,0.911889
-0.044785,0.057927,2.493587,0.439825,19.998745,15.244678,3.501084,2.632859,158.106059,11.562925,1.000874,0.058059,0.911029
-0.045659,0.059486,2.745787,0.388930,19.998632,14.666072,3.511470,2.617407,157.732996,11.529862,0.999300,0.058014,0.909602
-0.039571,0.060725,2.951244,0.000000,19.998527,15.724802,3.506469,2.614776,157.476812,11.421456,0.998536,0.057443,0.909046
-0.039078,0.060801,2.839717,0.372047,19.998512,15.907023,3.502680,2.608693,157.411411,11.240334,0.997537,0.056508,0.908196
-0.043805,0.062632,2.755611,0.000000,19.998867,15.320208,3.504711,2.622374,157.047253,11.492621,0.995910,0.057812,0.906633
-0.040034,0.064224,2.780578,0.331518,19.998765,15.306538,3.502240,2.606046,156.806271,11.265758,0.994595,0.056632,0.905510
-0.042708,0.064382,2.447798,0.331503,19.998757,15.118232,3.503261,2.631842,156.627179,11.303463,0.993166,0.056800,0.904330
-0.042706,0.066593,2.994363,0.000000,19.998635,15.056298,3.499351,2.612341,156.300538,11.299454,0.991714,0.056814,0.902954
-0.045107,0.068037,3.141857,0.295216,19.998755,15.094355,3.502581,2.604858,156.087039,11.340627,0.990519,0.057006,0.901737
-0.042240,0.067872,2.920103,0.381032,19.998637,14.884962,3.501367,2.615930,155.812163,11.089401,0.988919,0.055762,0.900606
-0.044266,0.069499,2.721429,0.296128,19.998653,15.007323,3.507919,2.611609,155.539074,11.104918,0.987455,0.055757,0.899200
-0.043096,0.071793,3.422749,0.000000,19.998710,14.969425,3.497905,2.603605,155.357735,11.126142,0.986187,0.055882,0.897938
-0.044885,0.072388,3.442218,0.000000,19.998800,14.361407,3.506035,2.623978,154.914789,10.798883,0.984482,0.054294,0.896465
-0.043113,0.073798,3.587958,0.275032,19.998603,14.983808,3.498121,2.620039,154.658918,10.857603,0.983181,0.054588,0.895370
-0.040652,0.074152,3.600599,0.000000,19.998808,15.099348,3.508528,2.622046,154.654689,10.602950,0.981800,0.053260,0.894150
-0.040851,0.075854,3.767438,0.000000,19.998567,14.522842,3.506579,2.612122,154.208703,10.552965,0.980001,0.053000,0.892537
-0.043092,0.077299,3.488440,0.000000,19.998627,14.833350,3.497224,2.610944,153.953906,10.581069,0.978556,0.053080,0.891218
-0.043018,0.078279,3.884381,0.000000,19.998583,14.432950,3.503865,2.613249,153.810742,10.248947,0.977028,0.051518,0.889783
-0.043560,0.080956,4.078350,0.000000,19.998583,14.387893,3.499238,2.601894,153.251750,10.228786,0.975208,0.051365,0.888249
-0.042057,0.082496,4.135060,0.000000,19.998742,14.639393,3.501759,2.609555,152.981185,10.229709,0.973654,0.051297,0.886820
-0.042033,0.083893,4.160825,0.000000,19.998688,14.130605,3.504876,2.596517,152.760265,9.928472,0.972140,0.049767,0.885369
-0.042223,0.086620,4.467286,0.000000,19.998600,14.263955,3.508062,2.593008,152.270175,10.137935,0.970269,0.050971,0.883750
-0.041381,0.087943,4.466184,0.000000,19.998635,14.220267,3.503610,2.604501,151.920714,9.833991,0.968375,0.049306,0.882225
-0.042881,0.089264,4.241176,0.235815,19.998827,14.072047,3.507643,2.597645,151.909334,9.799079,0.967063,0.049190,0.880751
-0.039977,0.091404,4.697805,0.000000,19.998753,14.293152,3.503633,2.593868,151.484669,9.497970,0.965343,0.047699,0.879360
-0.041569,0.092899,4.321480,0.236951,19.998662,14.171272,3.508535,2.579188,151.242972,9.461829,0.963559,0.047487,0.877794
-0.042874,0.093500,4.849719,0.000000,19.998487,13.974265,3.496324,2.575766,151.129623,9.153364,0.962302,0.045960,0.876407
-0.040319,0.096503,4.279591,0.213623,19.998638,14.219528,3.512501,2.598922,150.679738,9.164566,0.960403,0.045908,0.874973
-0.041629,0.098361,5.032688,0.000000,19.998737,13.896275,3.500869,2.597257,150.439618,9.076073,0.958630,0.045487,0.873211
-0.040193,0.099625,5.194124,0.000000,19.998635,13.711855,3.507198,2.586240,150.234983,8.805847,0.957192,0.044061,0.871899
-0.038753,0.103063,5.261256,0.000000,19.998710,14.322590,3.507685,2.594925,149.754827,8.797498,0.955403,0.044045,0.870491
-0.040479,0.105154,5.347427,0.000000,19.998667,13.481940,3.505947,2.587078,149.413217,8.346749,0.953242,0.041878,0.868483
-0.039461,0.106229,5.459917,0.000000,19.998622,13.763727,3.514498,2.597818,149.188387,8.325980,0.951576,0.041828,0.867097
-0.037582,0.109932,5.444647,0.192831,19.998665,13.414918,3.507988,2.600599,148.826308,8.236515,0.949513,0.041144,0.865096
-0.039101,0.113526,5.834574,0.000000,19.998622,13.038055,3.512265,2.594813,148.455755,7.851240,0.947765,0.039342,0.863394
-0.040237,0.113581,5.890408,0.000000,19.998750,12.926307,3.512880,2.602165,148.202672,7.547724,0.945981,0.037803,0.861995
-0.037091,0.117545,5.987248,0.000000,19.998593,12.799448,3.512788,2.590783,147.818218,7.426549,0.943799,0.037155,0.860036
-0.036131,0.120727,6.328477,0.000000,19.998657,12.764497,3.506534,2.609077,147.484250,7.356048,0.942164,0.036756,0.858316
-0.037229,0.122528,6.281013,0.186256,19.998642,12.581137,3.511483,2.569620,147.237117,7.071146,0.940477,0.035300,0.856947
-0.035332,0.126938,6.441024,0.000000,19.998875,13.017800,3.508353,2.563677,146.790215,7.039397,0.938707,0.035110,0.855422
-0.034972,0.129853,6.547701,0.000000,19.998570,12.635980,3.516533,2.591122,146.442673,6.630862,0.936659,0.033204,0.853588
-0.037612,0.131448,6.908850,0.000000,19.998700,12.396053,3.505343,2.578063,146.253916,6.569994,0.934849,0.032784,0.851924
-0.036606,0.137344,7.020006,0.149158,19.998582,12.184233,3.521934,2.570237,145.767458,6.460655,0.932429,0.032155,0.849970
-0.034028,0.141984,7.308496,0.000000,19.998665,12.069655,3.527654,2.565506,145.426215,6.033235,0.930428,0.030074,0.847972
-0.036619,0.144528,7.563204,0.000000,19.998823,11.787395,3.507383,2.571424,145.089132,5.939122,0.928464,0.029529,0.846187
-0.032482,0.151604,7.752665,0.000000,19.998722,11.926113,3.521715,2.567214,144.664074,5.878241,0.926587,0.029145,0.844454
-0.034763,0.156869,8.146242,0.000000,19.998863,11.153158,3.518650,2.568021,144.260512,5.413249,0.924311,0.027013,0.842432
-0.031255,0.159797,8.341586,0.000000,19.998752,11.774583,3.524197,2.567105,144.053770,5.444706,0.922512,0.026891,0.841018
-0.034514,0.169706,8.666625,0.000000,19.998767,11.342255,3.536172,2.565798,143.607158,5.273930,0.920364,0.026086,0.838902
-0.031086,0.173961,9.052881,0.000000,19.998682,10.904655,3.518962,2.562192,143.298146,4.843436,0.918214,0.024002,0.836943
-0.028633,0.179251,9.280181,0.000000,19.998567,11.371162,3.535249,2.564957,143.121906,4.577058,0.916544,0.022701,0.835638
-0.030025,0.187823,9.577389,0.000000,19.998655,10.853545,3.539420,2.569881,142.689100,4.379610,0.914435,0.021740,0.833444
-0.028687,0.196300,10.322074,0.000000,19.998592,10.724538,3.533582,2.555879,142.282550,4.314027,0.912471,0.021270,0.831713
-0.027592,0.200871,10.582398,0.000000,19.998792,10.165670,3.531418,2.573144,142.041642,3.930267,0.910341,0.019440,0.829939
-0.028810,0.213715,11.309929,0.000000,19.998750,10.181682,3.538816,2.581676,141.580926,3.796394,0.908246,0.018696,0.827939
-0.033705,0.222894,11.854773,0.000000,19.998503,9.551213,3.536056,2.572582,141.173664,3.687800,0.906310,0.018015,0.826002
-0.027636,0.232812,12.374283,0.000000,19.998615,9.468695,3.545628,2.571520,140.994442,3.372501,0.904427,0.016596,0.824609
-0.028416,0.265010,14.204146,0.000000,19.998862,8.344258,3.551883,2.559915,140.042620,2.744659,0.899742,0.013480,0.820222
-0.030211,-0.001345,0.008522,0.000000,19.998667,7.145653,3.599959,2.559144,138.950291,2.095204,0.893579,0.010143,0.814513
